[
{
    "model": "plants.service",
    "pk": 1,
    "fields": {
        "name": "Plant Boarding",
        "service_type": "location",
        "description": "Your plants stay at your caregiver's home.  Your plants will be cared for like they were their own.",
        "service_image": "plants/images/boarding.png"
    }
},
{
    "model": "plants.service",
    "pk": 2,
    "fields": {
        "name": "Plant Drop In",
        "service_type": "location",
        "description": "Your caregiver will come to you and provide  services to keep your plants happy.",
        "service_image": "plants/images/dropin.png"
    }
},
{
    "model": "plants.service",
    "pk": 3,
    "fields": {
        "name": "Watering",
        "service_type": "standard",
        "description": "Every plant is unique and your caregiver can provide the specialized care your plants need.",
        "service_image": "plants/images/water.png"
    }
},
{
    "model": "plants.service",
    "pk": 4,
    "fields": {
        "name": "Relocation",
        "service_type": "standard",
        "description": "Some of your plants may enjoy the sun while others, not so much.  That's why your caregiver can move your plants based on photosynthesis needs.",
        "service_image": "plants/images/relicate.png"
    }
},
{
    "model": "plants.service",
    "pk": 5,
    "fields": {
        "name": "Fertilizer Application",
        "service_type": "specialized",
        "description": "We want to make sure your plants received the nutrients they need to thrive.",
        "service_image": "plants/images/fertilize.png"
    }
},
{
    "model": "plants.service",
    "pk": 6,
    "fields": {
        "name": "Pesticide Application",
        "service_type": "specialized",
        "description": "Sometimes pests cannot wait until you are back home but don't worry, we have you covered.",
        "service_image": "plants/images/pesticide.png"
    }
},
{
    "model": "plants.service",
    "pk": 7,
    "fields": {
        "name": "Fungicide Application",
        "service_type": "specialized",
        "description": "If your plant is contending with fungi then you can rest assured that we will provide treatment when you need it.",
        "service_image": "plants/images/fungi.png"
    }
},
{
    "model": "plants.service",
    "pk": 8,
    "fields": {
        "name": "Pruning",
        "service_type": "standard",
        "description": "We can help match you with a caregiver that is experienced in pruning.",
        "service_image": "plants/images/prune.png"
    }
},
{
    "model": "plants.service",
    "pk": 9,
    "fields": {
        "name": "Herbicide Application",
        "service_type": "specialized",
        "description": "If your plant is contending with unwanted vegetation then your caregiver can provide preventative applications as needed.",
        "service_image": "plants/images/herbicide.png"
    }
},
{
    "model": "plants.listing",
    "pk": 1,
    "fields": {
        "heading": "I would love to care for your plants",
        "body": "Hello my name is Timmy and I would like to take care of your plants.  I have always had a green thumb and would be honored to take care of your plants.",
        "created_date": "2022-12-06T15:08:53.716Z",
        "updated_date": "2022-12-12T04:25:50.872Z",
        "address_line_one": "148 Beefer Avenue",
        "address_line_two": null,
        "city": "Georgetown",
        "state": "KY",
        "zip_code": 40324,
        "country": "US",
        "status": 1
    }
},
{
    "model": "plants.listing",
    "pk": 2,
    "fields": {
        "heading": "I will treat your plants like my babies!",
        "body": "Hey my name is James and I have a lot of experience caring for all types of plants.  I am have a degree in agriculture and would love to talk with you about caring for your plants.",
        "created_date": "2022-12-06T15:08:56.716Z",
        "updated_date": "2022-12-12T04:25:46.483Z",
        "address_line_one": "148 Lexus Way",
        "address_line_two": null,
        "city": "Georgetown",
        "state": "KY",
        "zip_code": 40324,
        "country": "US",
        "status": 2
    }
},
{
    "model": "plants.listing",
    "pk": 3,
    "fields": {
        "heading": "Plants are my life!!!",
        "body": "Hello I am Francis and I am a great plant caregiver!  I have experience working in a greenhouse and have a ton of plants.",
        "created_date": "2022-12-07T17:03:33.858Z",
        "updated_date": "2022-12-12T04:26:30.188Z",
        "address_line_one": "175 Prescot Way",
        "address_line_two": null,
        "city": "Lexington",
        "state": "KY",
        "zip_code": 40509,
        "country": "US",
        "status": 2
    }
},
{
    "model": "plants.listing",
    "pk": 4,
    "fields": {
        "heading": "Hello world, I'm here to take care of your plants!",
        "body": "I am a seasoned plant caregiver and am ready to work for you!",
        "created_date": "2022-12-12T15:29:19.077Z",
        "updated_date": "2022-12-12T15:29:19.077Z",
        "address_line_one": "150 Barren River Blvd",
        "address_line_two": "",
        "city": "Georgetown",
        "state": "KY",
        "zip_code": 40432,
        "country": "US",
        "status": 2
    }
},
{
    "model": "plants.review",
    "pk": 1,
    "fields": {
        "rating": 4,
        "title": "Great Work!!!",
        "body": "James did an amazing job, what a pleasure working with him!",
        "updated_date": "2022-12-08T18:18:43.887Z",
        "created_date": "2022-12-07T19:44:49.162Z"
    }
},
{
    "model": "plants.review",
    "pk": 2,
    "fields": {
        "rating": 3,
        "title": "Overwatered my plants",
        "body": "Francis was very kind but I found that most of my plants were overwatered.",
        "updated_date": "2022-12-08T18:18:39.227Z",
        "created_date": "2022-12-08T18:18:39.227Z"
    }
},
{
    "model": "plants.review",
    "pk": 3,
    "fields": {
        "rating": 5,
        "title": "I was really impressed!",
        "body": "Timmy did such a great job, we will certainly use his services again.",
        "updated_date": "2022-12-12T04:01:48.298Z",
        "created_date": "2022-12-12T04:01:48.298Z"
    }
},
{
    "model": "plants.review",
    "pk": 4,
    "fields": {
        "rating": 5,
        "title": "Wow, really impressed!",
        "body": "John really went above and beyond, I was so impressed with his professionalism!",
        "updated_date": "2022-12-12T15:30:20.275Z",
        "created_date": "2022-12-12T15:30:20.275Z"
    }
},
{
    "model": "plants.image",
    "pk": 21,
    "fields": {
        "title": "Me looking fab",
        "profile_image": "https://images.pexels.com/photos/3649765/pexels-photo-3649765.jpeg?auto=compress&cs=tinysrgb&w=1600",
        "created_date": "2022-12-07T19:36:46.012Z"
    }
},
{
    "model": "plants.image",
    "pk": 22,
    "fields": {
        "title": "Me walking around",
        "profile_image": "https://images.pexels.com/photos/737586/pexels-photo-737586.jpeg?auto=compress&cs=tinysrgb&w=1600",
        "created_date": "2022-12-08T18:10:55.091Z"
    }
},
{
    "model": "plants.image",
    "pk": 23,
    "fields": {
        "title": "Me and my favorite plants",
        "profile_image": "https://images.pexels.com/photos/11596753/pexels-photo-11596753.jpeg?auto=compress&cs=tinysrgb&w=1600",
        "created_date": "2022-12-08T18:12:20.438Z"
    }
},
{
    "model": "plants.image",
    "pk": 24,
    "fields": {
        "title": "Me being serious",
        "profile_image": "https://images.pexels.com/photos/2380794/pexels-photo-2380794.jpeg?auto=compress&cs=tinysrgb&w=1600",
        "created_date": "2022-12-12T15:32:03.420Z"
    }
},
{
    "model": "plants.listingservice",
    "pk": 1,
    "fields": {
        "listing": 1,
        "service": 1
    }
},
{
    "model": "plants.listingservice",
    "pk": 2,
    "fields": {
        "listing": 1,
        "service": 2
    }
},
{
    "model": "plants.listingservice",
    "pk": 3,
    "fields": {
        "listing": 1,
        "service": 3
    }
},
{
    "model": "plants.listingservice",
    "pk": 4,
    "fields": {
        "listing": 2,
        "service": 1
    }
},
{
    "model": "plants.listingservice",
    "pk": 5,
    "fields": {
        "listing": 2,
        "service": 2
    }
},
{
    "model": "plants.listingservice",
    "pk": 6,
    "fields": {
        "listing": 2,
        "service": 3
    }
},
{
    "model": "plants.listingservice",
    "pk": 7,
    "fields": {
        "listing": 3,
        "service": 1
    }
},
{
    "model": "plants.listingservice",
    "pk": 8,
    "fields": {
        "listing": 3,
        "service": 3
    }
},
{
    "model": "plants.listingservice",
    "pk": 9,
    "fields": {
        "listing": 3,
        "service": 7
    }
},
{
    "model": "plants.listingservice",
    "pk": 10,
    "fields": {
        "listing": 4,
        "service": 1
    }
},
{
    "model": "plants.listingservice",
    "pk": 11,
    "fields": {
        "listing": 4,
        "service": 2
    }
},
{
    "model": "plants.listingservice",
    "pk": 12,
    "fields": {
        "listing": 4,
        "service": 3
    }
},
{
    "model": "plants.listingservice",
    "pk": 13,
    "fields": {
        "listing": 4,
        "service": 4
    }
},
{
    "model": "plants.listingservice",
    "pk": 14,
    "fields": {
        "listing": 4,
        "service": 5
    }
},
{
    "model": "plants.listingservice",
    "pk": 15,
    "fields": {
        "listing": 4,
        "service": 6
    }
},
{
    "model": "plants.listingservice",
    "pk": 16,
    "fields": {
        "listing": 4,
        "service": 7
    }
},
{
    "model": "plants.listingservice",
    "pk": 17,
    "fields": {
        "listing": 4,
        "service": 8
    }
},
{
    "model": "plants.listingservice",
    "pk": 18,
    "fields": {
        "listing": 4,
        "service": 9
    }
},
{
    "model": "plants.customuser",
    "pk": 1,
    "fields": {
        "password": "pbkdf2_sha256$390000$fxHYpYWsbLLhiIUjZKYg8N$iogJ6tcPOwILysSp6+536E+OQnuXjMhPuyExO3fVEdw=",
        "last_login": "2022-12-08T18:10:34.280Z",
        "is_superuser": true,
        "username": "admin",
        "first_name": "Master",
        "last_name": "Admin",
        "email": "admin@gmail.com",
        "is_staff": true,
        "is_active": true,
        "date_joined": "2022-12-01T13:34:16.122Z",
        "birthday": "1987-01-01",
        "groups": [],
        "user_permissions": []
    }
},
{
    "model": "plants.customuser",
    "pk": 3,
    "fields": {
        "password": "pbkdf2_sha256$390000$uE2b6yudXuF8zrc1xxhAzE$OB7JwZpwyWr1f118HD2XVZhWce5YRF8tDyi+Zf71H18=",
        "last_login": null,
        "is_superuser": false,
        "username": "jams32",
        "first_name": "James",
        "last_name": "McClur",
        "email": "james@gmail.com",
        "is_staff": false,
        "is_active": true,
        "date_joined": "2022-12-01T15:42:35Z",
        "birthday": "2000-01-12",
        "groups": [],
        "user_permissions": []
    }
},
{
    "model": "plants.customuser",
    "pk": 4,
    "fields": {
        "password": "pbkdf2_sha256$390000$2IsZhZ7z1dDQDkSUJDirt3$lJVDsRr6wP2QV7q6Eyr6pSZXGuCk8q+saZwAGoOsJnU=",
        "last_login": null,
        "is_superuser": false,
        "username": "francisplanter",
        "first_name": "Francis",
        "last_name": "Brink",
        "email": "oncho@gmail.com",
        "is_staff": false,
        "is_active": true,
        "date_joined": "2022-12-01T15:46:20Z",
        "birthday": "2000-12-10",
        "groups": [],
        "user_permissions": []
    }
},
{
    "model": "plants.customuser",
    "pk": 6,
    "fields": {
        "password": "pbkdf2_sha256$390000$nVrzJkaJHNwm9ukiuUygw8$+rs/PaUXYGzj7DLZ8no0ljeO/egC+ehl07/1nuF3Ns8=",
        "last_login": null,
        "is_superuser": false,
        "username": "beefer",
        "first_name": "Timmy",
        "last_name": "Chonkboy",
        "email": "beef@beef.com",
        "is_staff": false,
        "is_active": true,
        "date_joined": "2022-12-01T22:28:01Z",
        "birthday": "1983-12-20",
        "groups": [],
        "user_permissions": []
    }
},
{
    "model": "plants.customuser",
    "pk": 14,
    "fields": {
        "password": "pbkdf2_sha256$390000$cShmAikUHmuO8kPuq3QQP1$Idl09AQiVhUUL+2mIsI9RgQZunoELUYPPZDdwfq1BEE=",
        "last_login": null,
        "is_superuser": false,
        "username": "John",
        "first_name": "John",
        "last_name": "McMahn",
        "email": "john@gmail.com",
        "is_staff": false,
        "is_active": true,
        "date_joined": "2022-12-12T15:17:06.802Z",
        "birthday": "1976-10-10",
        "groups": [],
        "user_permissions": []
    }
},
{
    "model": "plants.userlisting",
    "pk": 1,
    "fields": {
        "user": 6,
        "listing": 1
    }
},
{
    "model": "plants.userlisting",
    "pk": 5,
    "fields": {
        "user": 3,
        "listing": 3
    }
},
{
    "model": "plants.userlisting",
    "pk": 6,
    "fields": {
        "user": 4,
        "listing": 2
    }
},
{
    "model": "plants.userlisting",
    "pk": 7,
    "fields": {
        "user": 14,
        "listing": 4
    }
},
{
    "model": "plants.userimage",
    "pk": 6,
    "fields": {
        "user": 6,
        "image": 21
    }
},
{
    "model": "plants.userimage",
    "pk": 7,
    "fields": {
        "user": 4,
        "image": 23
    }
},
{
    "model": "plants.userimage",
    "pk": 8,
    "fields": {
        "user": 3,
        "image": 22
    }
},
{
    "model": "plants.userimage",
    "pk": 9,
    "fields": {
        "user": 14,
        "image": 24
    }
},
{
    "model": "plants.userreview",
    "pk": 1,
    "fields": {
        "user": 3,
        "review": 1
    }
},
{
    "model": "plants.userreview",
    "pk": 5,
    "fields": {
        "user": 4,
        "review": 2
    }
},
{
    "model": "plants.userreview",
    "pk": 6,
    "fields": {
        "user": 6,
        "review": 3
    }
},
{
    "model": "plants.userreview",
    "pk": 7,
    "fields": {
        "user": 14,
        "review": 4
    }
}
]
